gene,site,seq
rpl2,272,AUCGUGGCGC
rpl2,389,CAGUGGGAAA
rpl2,461,GGAAGGGGGG
rpl2,572,AAAGCUGCCU
rps19,29,UACGAAAAGG
rpl22,12,AUGAGU
rpl22,78,UGCCAGUAAG
rpl22,137,UUAUGAUAUU
rpl22,335,CCUGUAAUGU
rpl22,375,GAGAGACGAG
rpl16,353,UUGCUAAAGC
rps8,33,UGACAGUAUG
rps8,53,UGAAGAACGC
rps8,142,GGUUAUUUGG
rps8,265,GGCUUAAGGG
rps8,335,CAACUCCCGG
rps8,394,GUGCUGUUUU
infA,77,CGUUUCGAGU
infA,185,UGAGCCCUUA
petD,481,ACUUUAGGUC
petD,401,CUACAACAGU
petD,371,GAUCUCAGAA
petD,359,AAAAUGUUAA
petD,299,CACUAGGGGU
petD,284,CAGUGCCUAA
petD,253,CAUUUCUUUC
petD,238,AUACUGCCCG
petD,218,CAUUUGCAAC
petD,134,UCCCAGUAGU
petD,116,ACGAUCUCUU
petD,112,CCUAACGAUC
petD,52,GUAUCAAGAG
petD,41,UGAGUGAUCC
petB,646,AUUCCAGGUC
petB,644,GUAUUCCAGG
petB,634,CGUAAGCAAG
petB,614,UGAUGCACUU
petB,610,AUGCUGAUGC
petB,593,CCCUUACCGC
petB,578,CCUCUGUAUC
petB,572,UACAUACCUC
petB,566,ACAGUUUACA
petB,506,CCUUGGUCGA
petB,503,CUCCCUUGGU
petB,477,ACCUGAAGCU
petB,449,ACUGGGCCGU
petB,406,UCCGGUGUGA
petB,392,UAUUAACCGU
petB,347,AGAAACCUCG
petB,317,CACCUCGCGC
petB,313,CACGCACCUC
petB,311,UGCACGCACC
petB,309,UUUGCACGCA
petB,304,AUGAUUUUGC
petB,302,UGAUGAUUUU
petB,284,CGAGUAUGAU
petB,215,GCUCCGUUCG
petB,197,CUGUUGCAGA
petB,133,ACUCCGACCU
petB,130,AUUACUCCGA
petB,126,GGGAAUUACU
petB,121,CCAGGGGGAA
petB,107,ACACACCCUA
petB,97,CCCCACGCUA
petB,95,CUCCCCACGC
petB,93,UCCUCCCCAC
petB,89,AUGUUCCUCC
petB,19,GGUAAGGUAU
psbH,223,GGAGCCCCAG
psbN,26,CAAUUCCGGU
psbN,29,UUCCGGUCGC
psbN,34,GUCGCCAUCU
psbN,37,GCCAUCUUUA
psbN,41,UCUUUAUAUC
psbN,44,UUAUAUCCUG
psbN,53,GCUUACUCGU
psbN,61,GUGAGCUUCA
psbN,67,UUCACCGGUU
psbN,75,UUAUGCUUCG
psbT,41,CGCCGGUGAG
psbT,29,UUUAUACAUU
psbT,26,UGGUUUAUAC
psbB,1109,CAUUCCCCGU
psbB,974,CCAAAGGGGG
psbB,737,GUAUUGCCGC
psbB,650,CCGGUUUAUU
psbB,474,UGGCGCAUUU
psbB,308,CUGCGCAUAU
psbB,106,UCUGGUUGGG
psbB,33,UCGCGCCCAU
psbB,23,UGCCCUGGUA
clpP,9,AUG
clpP,144,UGCCAAUCAA
clpP,152,AACUUAUUUG
clpP,159,UUGUAUUAUG
clpP,165,UAUGAUGUAU
clpP,314,CCUCGAUGGG
clpP,536,AAAGAGAUGU
psaJ,122,CAUUAGUCCU
psaJ,74,GAUCUUUAGC
psaJ,62,CGUUGUGGUU
psaJ,40,UCCACAGCGC
petG,85,ACUGCGUAUC
petG,80,CUGUAACUGC
petG,65,CUCCAGCUGG
petG,53,UGACCCCGAU
petG,41,CCGUACCGGG
petG,32,CAUCCGGAAC
petG,26,CCCCACCAUC
petG,17,CGGUUGAAGC
petG,13,ACGGUUG
petL,94,AAGACAAGGA
petL,62,CUUCAGCCCU
petL,50,CGGUUGCAUC
petL,44,UUCCUCCGGU
petL,34,CACCCGGGAU
petL,32,AUCACCCGGG
petL,23,CCAUACUCAA
petL,19,UCCACCAUAC
psbE,29,CGGGAGAACG
psbE,36,ACGCCCCUUC
psbE,41,CCUUCGCCGA
psbE,55,AUCACCAGUA
psbE,58,ACCAGUAUUC
psbE,85,AGCAUCACCA
psbE,103,UUGUUCAUCG
psbE,166,CGACCAAAUG
psbF,26,AUAGAACUUA
psbF,28,AGAACUUAUC
psbF,44,CCACAGUUAG
psbF,59,UGGCUAUUCA
psbF,77,CCGUACCUAC
psbF,79,GUACCUACGG
psbF,83,CUACGGUCUU
psbF,107,UAUCAGCAAU
psbF,118,CAAUUUAUAC
psbL,92,UCGUACUUGC
psbL,94,GUACUUGCUG
psbL,97,CUUGCUGUUU
psbL,103,GUUUUAUUCU
psbL,109,UUCUCCAAUU
psbL,115,AAUUAUUUUU
psbJ,28,ACUGGAAGGA
psbJ,71,CCCUUGUGAU
psbJ,83,GUUUAGUAGG
psbJ,86,UAGUAGGUAU
psbJ,88,GUAGGUAUCU
psbJ,97,UUUUUCUACG
psbJ,100,UUCUACGGUU
petA,955,GCCGAGAUGA
petA,952,UUGGCCGAGA
petA,886,CUCGCACCAG
petA,877,UUGCUGUUUC
petA,871,GGUCUUUUGC
petA,482,AGUACAGCGA
petA,440,AUUAUAAAAA
petA,415,CUCUUCUCUC
petA,407,UAGGUAAUCU
petA,326,AUGUGGGAGC
petA,323,CGAAUGUGGG
petA,308,GCAAGAAAGG
petA,245,CCGUACCUGA
petA,235,CUACCGGAUA
petA,127,CCCGCGCAGC
petA,112,AAAGCAUAUC
cemA,1364,CCACUUACCA
cemA,1346,UAUCUCCCCC
cemA,1312,UUUAAGUAUU
cemA,1286,CCUUUCCUGU
cemA,1265,UGACAUCUCG
cemA,1258,AAAUAUGUGA
cemA,1217,UCAUAGAUAC
cemA,1192,CACCCGCCUC
cemA,1180,CGCAUUGGGU
cemA,1165,UCAUUGACCG
cemA,1163,UCUCAUUGAC
cemA,1151,CUCUCCUCAC
cemA,1145,UGAAAGCUCU
cemA,1118,AGUUCGUUCG
cemA,1076,CGGAUGAAGA
cemA,1060,AGCGCUUCGU
cemA,1052,UCAUCUUAAG
cemA,1013,AGGCUAUUCU
cemA,959,UGAAGUACGA
cemA,884,AAGAACUCCC
cemA,878,AAGUGGAAGA
cemA,857,UAGCCUCGGG
cemA,848,GAGACAAGCU
cemA,823,CAAUCCGGGG
cemA,822,UCAAUCCGGG
cemA,813,GAAUACUUAU
cemA,761,UCCCGAUCUC
cemA,691,CGAAUGGCUG
cemA,517,UUAGGGGGAG
cemA,452,CCACUACGAA
cemA,427,UAUAGGAGAU
cemA,332,UUUACCCGUU
cemA,323,GAAUCAGCAU
cemA,304,CGCAGUGUCU
cemA,79,GUAGCACUUA
cemA,74,AUGGGGUAGC
ycf4,533,AACCUGCUCG
ycf4,529,GCCGAACCUG
ycf4,521,GAAAAGCUGC
ycf4,500,AAGCCCCCGG
ycf4,464,CACAAAGUGU
ycf4,434,GCCGCGUCCC
ycf4,430,CCCCGCCGCG
ycf4,428,AUCCCCGCCG
ycf4,412,GUUCAGGAAG
ycf4,351,GGAUAAUCGU
ycf4,259,UGGUGCACAA
ycf4,231,CGUGGGUGUA
ycf4,203,AAGGGGUCGU
ycf4,179,CCCAGCAGAU
ycf4,124,ACCCCGGUUG
ycf4,113,CACUCGGGUU
ycf4,79,AAUUCCUUUU
ycf4,78,UAAUUCCUUU
ycf4,68,GAAGAGUGGG
psaI,83,UGGCCUUACU
psaI,79,ACGAUGGCCU
psaI,53,CAGUGGGUCU
psaI,38,CUGUACCUGU
psaI,29,AUCUACCCUC
psaI,13,AUGACAG
rbcL,39,AGCAAGUGUU
atpB,95,UCCUGGAUGU
atpB,284,ACACGGGAGC
atpB,799,AAGCAAGACG
atpB,857,AGGUUUCCGC
atpB,1343,GGAAAUACGU
atpE,230,AUCGGGUAAC
chlL,14,AUGAAGAU
chlL,32,ACGGUAAAGG
chlL,59,CCACGAGUUG
chlL,61,ACGAGUUGUA
chlL,71,ACAUUUCAAU
chlL,95,GUGGCAAACG
chlL,101,AACGAGUUUU
chlL,173,CUAUUAUAGA
chlL,205,CAUUAUGAGG
chlL,223,CCCGAGGAUG
chlL,251,GAGGAGUCGA
chlL,317,GAGAGACUGU
chlL,320,AGACUGUUAA
chlL,333,GCUGAAAGAA
chlL,337,AAAGAAUUAA
chlL,353,CUCAUGAAUA
chlL,358,GAAUAUGAUA
chlL,361,UAUGAUAUCA
chlL,380,AUGUCUUGGG
chlL,407,GUUUCGCUUC
chlL,412,GCUUCCCCCC
chlL,461,GAUUCGACGC
chlL,590,UAGAAGCUUG
chlL,599,GUCCAAUGCC
chlL,634,GAGCAUAUUC
chlL,658,AAGGGUAAAA
chlL,706,UACGUUUGUG
chlL,728,AUAUAGCGGA
chlL,782,CCGAUCGAGA
chlL,788,GAGAAUUAUU
chlL,791,AAUUAUUUAG
chlL,800,GUUUACUUUC
chlL,802,UUACUUUCCG
chlL,863,AUUCGCUUGG
chlL,873,UCCCGUGACA
chlL,874,CCCGUGACAA
chlN,37,ACUAUAACUU
chlN,61,GGUAACUACC
chlN,76,UCCUGCCCUA
chlN,85,AUAAGCUGCG
chlN,89,GCUGCGUAGC
chlN,91,UGCGUAGCUU
chlN,116,UUGAAGAUAG
chlN,150,AACAUGUGGU
chlN,159,UUAUUUUCUG
chlN,164,UUCUGCAAAA
chlN,193,UUCGCGGAGC
chlN,224,UAGAGGAAGG
chlN,244,GCUCAACUGA
chlN,265,GAGUUAAAAA
chlN,269,UAAAAAGACU
chlN,275,GACUUUGCCU
chlN,416,CAAGGGCGAA
chlN,428,GACUUGAUUA
chlN,575,CUCCCUUGGU
chlN,608,UGGUUGCCUC
chlN,620,AACUAAGUUC
chlN,911,AGGAUUACCU
chlN,935,GAAAAUCCGU
chlN,965,UUUUAGAAGU
chlN,974,UAUCUCUAGC
chlN,977,CUCUAGCACG
chlN,1049,AUCAAGCUGC
chlN,1058,CCGAAUUAGC
chlN,1120,GAAAAACCGG
chlN,1148,AACGUAUGCG
chlN,1283,GAGAUGUUCU
psaC,121,GCUAACCAAA
psaC,151,GAAGACUGCG
psaC,188,GUCCGACGGA
ycf2,3578,ACAAACCCAG
chlB,1464,GAUUAAGGGA
chlB,1178,GUAAACGCCU
chlB,1148,UAUUUGGUAC
chlB,1118,AUAUGAUCGC
chlB,1060,CGAGUCCGGG
chlB,1033,AAACAUGAUG
chlB,931,AAAAGGGCAG
chlB,860,AUCAACAAAC
chlB,767,AUACAGCCGA
chlB,698,UGACAGCAGC
chlB,664,UUCAAUCCUG
chlB,656,GAGCUUGGUU
chlB,581,CGCGGGAUAU
chlB,566,AAUCGAAACG
chlB,563,GUGAAUCGAA
chlB,554,ACGAUUGCCG
chlB,526,AUUUCUACGC
chlB,503,UACCUACCGC
chlB,436,CAAGUAGUUC
chlB,390,CCAUCAUCGG
chlB,379,GCGGAUGCGA
chlB,371,UAACUCCUGC
chlB,362,AUUCUGACGU
chlB,359,CUGAUUCUGA
chlB,350,CUGUAACCUC
chlB,311,UACUGCAGGA
chlB,289,ACACCUACCU
chlB,272,CCGAUCCAAU
chlB,269,GUCCCGAUCC
chlB,263,AAGAACGUCC
chlB,230,AGGUUGUUGA
chlB,137,UAAUGCGCCC
chlB,130,UUCAAUGUAA
chlB,112,CCUCUAGGAG
chlB,89,ACGUGCAUGC
chlB,86,AAAACGUGCA
chlB,64,CCCCGAGUAG
chlB,50,CUCAUAUUGG
chlB,22,CUGGCCCAUC
chlB,16,ACGAAACUGG
chlB,13,ACGAAAC
chlB,12,ACGAAA
psbK,11,AUGCU
psbK,13,AUGCUAG
psbK,62,CCGUUUUGGC
psbK,83,AAGUUUAUGC
psbK,92,CGAUUUUUGA
psbK,104,CAGUCGUGGA
psbK,125,UCAUACCGCU
psbK,127,AUACCGCUGC
psbK,132,GCUGCUCUUC
psbK,134,UGCUCUUCUC
psbK,138,CUUCUCCCUU
psbK,140,UCUCCCUUCU
psbK,145,CUUCUAGCUU
psbK,154,UUCGUAUGGC
psbK,158,UAUGGCAAGC
psbK,163,CAAGCUUCUG
psbI,11,AUGCU
psbI,41,AUACGGUGGU
psbI,43,ACGGUGGUUA
psbI,49,GUUAUUUUUU
psbI,53,UUUUUUUCGU
psbI,55,UUUUUCGUUU
psbI,62,UUUCCCUCUU
ycf12,26,AAGUUAUUGC
ycf12,35,CGCAGCUUAC
ycf12,41,UUACUGUUUU
atpF,364,AAACGGUUAG
atpF,331,CAAGAUCUGG
atpH,224,UAGCUUUGGC
atpI,437,UUGCUUCAGC
atpI,428,AUACUACUGU
rps2,179,CAGAAGCAUG
rps2,98,AUCCCAAGAU
rps2,59,AAGCAGGAGU
rpoC2,4166,CAUCGGCAUU
rpoC2,4154,CCAUUCACGA
rpoC2,3815,AUGGACCCGU
rpoC2,3746,UGCCCGGGGA
rpoC2,3494,CAGUCUCGAC
rpoC2,3437,UUAUUUUUCA
rpoC2,3320,UAGCCGAGCC
rpoC2,3212,UCAGUCUCGG
rpoC2,3068,UUCCCGAGUG
rpoC2,2965,CAUUCCGCUC
rpoC2,2615,GUAGUAAAGG
rpoC2,866,AUAUACGAUC
rpoC2,598,ACUGCGGAUG
rpoC2,28,GGUAGAUUGC
rpoC2,27,GGGUAGAUUG
rpoC1,1538,AAGCAGAAGC
rpoC1,1026,UCUCGGUAAU
rpoC1,892,GAUAUAAACG
rpoC1,629,UAGCUAGCUU
rpoC1,611,AUGCCGUUAG
rpoC1,473,GAAAACCUAC
rpoC1,378,UGUUCCUAGU
rpoC1,311,CUCGUAGAUA
rpoC1,167,GAAAAGAUGG
rpoB,3113,AAUCUUUUCG
rpoB,2948,AACGAGUGGG
rpoB,2681,GAGCCACGGG
rpoB,2658,UUUCGAUGAG
rpoB,2603,AAUGCGUGCU
rpoB,2549,UGAUAUUGAG
rpoB,2444,AGGUGGGAGA
rpoB,2288,UUUUUGGUAU
rpoB,2213,UCUCAGUAGG
rpoB,2201,AAACAGGAGA
rpoB,2162,CAGAUGAUAG
rpoB,2147,AUUUCCUCCG
rpoB,2000,UUGAGGACUC
rpoB,1880,CUCGAGGUGG
rpoB,1782,AACAACCUUG
rpoB,1769,UCGACGGGGA
rpoB,1574,CUGUGGGAGC
rpoB,1439,CUACAGGAAC
rpoB,1160,UACAUAAACG
rpoB,1088,CCUUGAAAGA
rpoB,1064,CAAAUUCGAG
rpoB,1049,CUAUCGGAAG
rpoB,992,GUCUAGCAGA
rpoB,971,AAUUUAGAUU
rpoB,947,CUGCAGCGGA
rpoB,911,AUGAUAUAGA
rpoB,863,CUGCUACAGA
rpoB,854,AUAUGUCAGC
rpoB,845,UACCGGAAGA
rpoB,827,ACAAGGAGAG
rpoB,800,ACGAAAAGCU
rpoB,782,CCGGUCGAAU
rpoB,758,AACCGAGGUU
rpoB,753,UCCUCAACCG
rpoB,739,UUGCGAGAAA
rpoB,737,AAUUGCGAGA
rpoB,716,AAUUCCCCGA
rpoB,658,AGGGAACAUG
rpoB,566,CACUGGCUAU
rpoB,551,CCAUUCAACU
rpoB,515,GAAUAUGGGU
rpoB,485,AGCCAAAAUU
rpoB,473,ACUGGGGAGG
rpoB,449,UGUACACAGG
rpoB,400,AGUCCUGGUA
rpoB,380,UAAUCAAUCA
rpoB,337,AGCUGUCAAG
rpoB,320,GAAGUAUCCC
rpoB,317,CUGGAAGUAU
rpoB,302,AGCAAACUGU
rpoB,239,CAUAUCCAUC
rpoB,229,GAGCCCAUCA
rpoB,217,GACGCUGCGU
rpoB,155,GGAUUGGAUC
rpoB,149,AUCAAGGGAU
rpoB,113,AAGAACCGAA
rpoB,104,GAUCGAGGGA
rpoB,92,CCAUUAAUCG
rpoB,77,GAGCUUCUCA
rpoB,68,CACAAUCAGG
rpoB,53,CCGAUCCUGG
rpoB,44,UUGUAAUGCC
petN,22,AUAGUCAAUA
petN,32,CUGCUUGGGC
petN,44,CCCUGAUGGU
psbM,128,CAGCCAGCCA
psbM,121,GUGAAGACAG
psbM,120,UGUGAAGACA
psbM,116,CCUAUGUGAA
psbM,101,CAUUUCUCAU
psbM,96,CACGGCAUUU
psbM,65,UUAUUGCCAC
psbM,44,AAGAAGUAAA
psbM,26,GAGAUAAAGG
rps7,311,UUGCUAUCCG
ccsA,23,CUUACAUACC
ccsA,29,UACCUCUUUU
ccsA,35,UUUUACUUCU
ccsA,47,UUUUCGUAAC
ccsA,52,GUAACUAUUC
ccsA,356,CGCGAUCCAC
ccsA,411,GAGUAUGAUG
ccsA,440,UAUUAUGCGG
ccsA,455,UGUUAGCAAU
ccsA,458,UAGCAAUGGC
ccsA,727,GGAUAUUAUU
ccsA,781,ACAUUCGCAA
ccsA,865,AUAAUUUGGA
ccsA,869,UUUGGAUUUG
ccsA,880,UAUUUGGGGG
ccsA,884,UGGGGGUAAA
ccsA,896,CAUUAGGGAG
ccsA,900,AGGGAGGGGU
ccsA,904,AGGGGUUUGC
psbD,121,CUGUUGCUUU
psbZ,12,AUGACC
psbZ,13,AUGACCA
psbZ,29,UUCAGUCGGC
psbZ,35,CGGCUGUGUU
psbZ,46,GCAUUAAUCG
rps4,108,GUAUACGCCC
rps4,27,CAGAGGACCC
