name	sequence	motif	pvariant
p0	ND.ND.TN.NN.TN.NN.TD.ND.TD.NN		
p1	TN.ND.TN.NN.TN.NN.TD.ND.TD.NN	m1	TN
p2	NN.ND.TN.NN.TN.NN.TD.ND.TD.NN	m1	NN
p3	TD.ND.TN.NN.TN.NN.TD.ND.TD.NN	m1	TD
p4	ND.TN.TN.NN.TN.NN.TD.ND.TD.NN	m2	TN
p5	ND.NN.TN.NN.TN.NN.TD.ND.TD.NN	m2	NN
p6	ND.TD.TN.NN.TN.NN.TD.ND.TD.NN	m2	TD
p7	ND.ND.NN.NN.TN.NN.TD.ND.TD.NN	m3	NN
p8	ND.ND.TD.NN.TN.NN.TD.ND.TD.NN	m3	TD
p9	ND.ND.ND.NN.TN.NN.TD.ND.TD.NN	m3	ND
p10	ND.ND.TN.TN.TN.NN.TD.ND.TD.NN	m4	TN
p11	ND.ND.TN.TD.TN.NN.TD.ND.TD.NN	m4	TD
p12	ND.ND.TN.ND.TN.NN.TD.ND.TD.NN	m4	ND
p13	ND.ND.TN.NN.NN.NN.TD.ND.TD.NN	m5	NN
p14	ND.ND.TN.NN.TD.NN.TD.ND.TD.NN	m5	TD
p15	ND.ND.TN.NN.ND.NN.TD.ND.TD.NN	m5	ND
p16	ND.ND.TN.NN.TN.TN.TD.ND.TD.NN	m6	TN
p17	ND.ND.TN.NN.TN.TD.TD.ND.TD.NN	m6	TD
p18	ND.ND.TN.NN.TN.ND.TD.ND.TD.NN	m6	ND
p19	ND.ND.TN.NN.TN.NN.TN.ND.TD.NN	m7	TN
p20	ND.ND.TN.NN.TN.NN.NN.ND.TD.NN	m7	NN
p21	ND.ND.TN.NN.TN.NN.ND.ND.TD.NN	m7	ND
p22	ND.ND.TN.NN.TN.NN.TD.TN.TD.NN	m8	TN
p23	ND.ND.TN.NN.TN.NN.TD.NN.TD.NN	m8	NN
p24	ND.ND.TN.NN.TN.NN.TD.TD.TD.NN	m8	TD
p25	ND.ND.TN.NN.TN.NN.TD.ND.TN.NN	m9	TN
p26	ND.ND.TN.NN.TN.NN.TD.ND.NN.NN	m9	NN
p27	ND.ND.TN.NN.TN.NN.TD.ND.ND.NN	m9	ND
p28	ND.ND.TN.NN.TN.NN.TD.ND.TD.TN	P2	TN
p29	ND.ND.TN.NN.TN.NN.TD.ND.TD.TD	P2	TD
p30	ND.ND.TN.NN.TN.NN.TD.ND.TD.ND	P2	ND