species,position,seq
Allium_fistulosum,3060,GUUAUGAUAA
Allium_fistulosum,10196,AAAGAGCUGC
Allium_fistulosum,13785,UUUCUUUAGU
Allium_fistulosum,15951,UGUCUAAUGU
Allium_fistulosum,16842,CAUCAUUCAA
Allium_fistulosum,22450,UUUGUGAAAG
Allium_fistulosum,25248,UUUUCUUGUC
Allium_fistulosum,25305,UAUCAGCUAU
Allium_fistulosum,25320,CUAUUUUAGU
Allium_fistulosum,25398,AUUGGGGAGG
Allium_fistulosum,25533,AUUCCCUGGG
Allium_fistulosum,42984,AUGAAGCUAU
Allium_fistulosum,42990,AUUAUUAUGA
Allium_fistulosum,43856,UUAUUGAUAA
Allium_fistulosum,44316,UAUCAUCCAU
Allium_fistulosum,48509,CCAUUGCUGU
Allium_fistulosum,49524,UCCUAAUUGU
Allium_fistulosum,49536,UUUUCGUGCU
Allium_fistulosum,57505,AAAUAUCUUC
Allium_fistulosum,57733,AGGGCUUAUU
Allium_fistulosum,63039,CUGUACCUAC
Allium_fistulosum,64203,UUAGCUCUUU
Allium_fistulosum,64242,UUUUAUUGGC
Allium_fistulosum,64253,GCUUUAACUA
Allium_fistulosum,67324,CGUGGUUGGG
Allium_fistulosum,68223,ACAGAAGCCC
Allium_fistulosum,74326,GGUUAUUCCU
Allium_fistulosum,74519,UGUUAAUGCA
Allium_fistulosum,75998,ACUUUAGGUC
Allium_fistulosum,76672,CUAUAGAUGC
Allium_fistulosum,76831,CUCAAGAUAU
Allium_fistulosum,76999,UCACACGUGC
Allium_fistulosum,78020,UUUUUGAAAA
Allium_fistulosum,78626,AAAAUUUCUU
Allium_fistulosum,81243,CGCGCUAAAA
Allium_fistulosum,84333,AAAUACUUAA
Allium_fistulosum,84646,UUCCAUCCAU
Allium_fistulosum,89624,CAAUCAUUUG
Allium_fistulosum,89649,CGUAAGUAAA
Allium_fistulosum,89856,AUCACUAAAA
Allium_fistulosum,93556,UAGCAUCUAC
Allium_fistulosum,93782,UUUUUCGGAA
Allium_fistulosum,93844,UUUUGGCUCU
Allium_fistulosum,93935,CUAGGAACUU
Allium_fistulosum,94201,UAGCUGCUUU
Allium_fistulosum,95001,GGUUCAAGCU
Allium_fistulosum,95127,CUUGGCUAUA
Allium_fistulosum,95152,UCUUCUAUUC
Allium_fistulosum,95196,CUAAUGAGGC
Allium_fistulosum,95271,CUAUCUUUGU
Allium_fistulosum,95589,UUCUGAUGAU
Allium_fistulosum,96954,UUAUAUGUCC
Allium_fistulosum,99775,GCCGUUGGUG
Allium_fistulosum,100538,UCCAGUCACU
Allium_fistulosum,103675,AUAAGCAGUG
Allium_fistulosum,103774,ACUCAUCCGC
Allium_fistulosum,106054,CCUGAUCAAU
Allium_fistulosum,110658,UUACUUCUAU
Allium_fistulosum,110689,UCUUUAGAGU
Allium_fistulosum,113659,UAUUCGCGAU
Allium_fistulosum,114582,CACACAUGGG
Allium_fistulosum,114651,UAGUUUAUGC
Allium_fistulosum,114855,CUUAUGCUGU
Allium_fistulosum,115470,UAUUCGCGGG
Allium_fistulosum,115527,AUCUUGUCUU
Allium_fistulosum,116642,UCAAUGAUGU
Allium_fistulosum,117178,CCUUAUUCUA
Allium_fistulosum,118348,UAUUGACAAC
Allium_fistulosum,120064,AUAAAUAUUC
Allium_fistulosum,121184,AUUUUUGCGA
Allium_fistulosum,129348,CCUGAUCAAU
Allium_fistulosum,131628,ACUCAUCCGC
Allium_fistulosum,131727,AUAAGCAGUG
Allium_fistulosum,134864,UCCAGUCACU
Allium_fistulosum,135627,GCCGUUGGUG
Allium_fistulosum,138448,UUAUAUGUCC
Allium_fistulosum,139813,UUCUGAUGAU
Allium_fistulosum,140131,CUAUCUUUGU
Allium_fistulosum,140206,CUAAUGAGGC
Allium_fistulosum,140250,UCUUCUAUUC
Allium_fistulosum,140275,CUUGGCUAUA
Allium_fistulosum,140401,GGUUCAAGCU
Allium_fistulosum,141201,UAGCUGCUUU
Allium_fistulosum,141467,CUAGGAACUU
Allium_fistulosum,141558,UUUUGGCUCU
Allium_fistulosum,141620,UUUUUCGGAA
Allium_fistulosum,141846,UAGCAUCUAC
Allium_fistulosum,145546,AUCACUAAAA
Allium_fistulosum,145753,CGUAAGUAAA
Allium_fistulosum,145778,CAAUCAUUUG
Allium_fistulosum,150756,UUCCAUCCAU
Allium_fistulosum,151069,AAAUACUUAA
Amborella_trichopoda,1235,UGCCAUUAUU
Amborella_trichopoda,1439,CUUAUGGGGG
Amborella_trichopoda,1647,UAAUUAGAUA
Amborella_trichopoda,2451,AAUCUCUCUC
Amborella_trichopoda,2799,AAUAAAUGGA
Amborella_trichopoda,3054,UUCCUGUACA
Amborella_trichopoda,3539,GUCAUGACAA
Amborella_trichopoda,6169,CUGUUCAUGA
Amborella_trichopoda,6238,AGAAUCAAAC
Amborella_trichopoda,9041,UAUGCCUAAU
Amborella_trichopoda,9199,UUUGGCAAGC
Amborella_trichopoda,9512,UUCUAGAAAU
Amborella_trichopoda,9538,GUACCACAUA
Amborella_trichopoda,10192,AAUGAUUUAC
Amborella_trichopoda,10362,CUUUACUUUU
Amborella_trichopoda,11888,CCAAACAAUU
Amborella_trichopoda,13273,AAGUAGCUGG
Amborella_trichopoda,13507,AAAGAGCCGC
Amborella_trichopoda,13630,UAAUUUAUGA
Amborella_trichopoda,13640,CAUACUUUAA
Amborella_trichopoda,14227,CAAUAGGCAU
Amborella_trichopoda,16239,UUUUUGCAAC
Amborella_trichopoda,18104,UUUCUUUAGU
Amborella_trichopoda,18305,UUGCUUUAGC
Amborella_trichopoda,18384,GGCGCUCUUU
Amborella_trichopoda,19406,GGCUUGGUGG
Amborella_trichopoda,19472,AUAAAGCAGC
Amborella_trichopoda,19562,CUAGAACGGC
Amborella_trichopoda,19586,AAGGCAUUCA
Amborella_trichopoda,20390,UGUCUAAUGU
Amborella_trichopoda,21269,CAUCAUCCAA
Amborella_trichopoda,21785,AAAAGUAUUU
Amborella_trichopoda,23552,CUUUAACGGA
Amborella_trichopoda,24394,AUCUACCAUG
Amborella_trichopoda,24859,UUACAUCCAU
Amborella_trichopoda,25347,CUACGCCAGG
Amborella_trichopoda,25380,AUACUCUUAU
Amborella_trichopoda,25446,UAGAUGGGGG
Amborella_trichopoda,25519,AAUGUAGAAC
Amborella_trichopoda,25671,AUUUGCGAAU
Amborella_trichopoda,25689,AACAAUUAGC
Amborella_trichopoda,25818,UACGAUUACG
Amborella_trichopoda,26638,AUAUCGCGAA
Amborella_trichopoda,26746,AAUGCGGAGU
Amborella_trichopoda,26805,UGCUUGUGGA
Amborella_trichopoda,27562,AGAAAACUAG
Amborella_trichopoda,27840,UUCGUGUAUA
Amborella_trichopoda,28291,AACGUAUUAG
Amborella_trichopoda,29094,UUCAUGGGCG
Amborella_trichopoda,29706,UAUCAGCUAU
Amborella_trichopoda,29721,CUAUUCUAGU
Amborella_trichopoda,29799,AUCGGGGAGG
Amborella_trichopoda,30243,GAAAUGAGGG
Amborella_trichopoda,38141,AGUCCACAGA
Amborella_trichopoda,42131,GAAAAUUGCA
Amborella_trichopoda,47641,UCGCAGAGAC
Amborella_trichopoda,48570,UCUUACCACA
Amborella_trichopoda,48705,AUGAAGCUAU
Amborella_trichopoda,48711,AUUAUUAUGA
Amborella_trichopoda,48935,UUCUUGUAAA
Amborella_trichopoda,49581,UUAUCGAUAA
Amborella_trichopoda,52272,CAGGAUUGCC
Amborella_trichopoda,53858,CCAUUGCUGU
Amborella_trichopoda,54705,UUAUUUCAAC
Amborella_trichopoda,54863,UCCUAAUCGU
Amborella_trichopoda,54875,UUUUCGUGCU
Amborella_trichopoda,55173,UCUAUGUUUC
Amborella_trichopoda,58302,UAGAGGCUAU
Amborella_trichopoda,58958,UAGCUAUUCU
Amborella_trichopoda,59360,UUAUUGACAA
Amborella_trichopoda,64023,AUAGAAUCGA
Amborella_trichopoda,64386,AAAUAUCUUC
Amborella_trichopoda,64590,AAGUAGCUGA
Amborella_trichopoda,64614,AGGGCUUAUU
Amborella_trichopoda,64632,UCGUACCACG
Amborella_trichopoda,64647,UUUUAAAAGG
Amborella_trichopoda,65433,GCUUCUUUAU
Amborella_trichopoda,65474,GGGACCAAAU
Amborella_trichopoda,66466,CCAAUUGAAG
Amborella_trichopoda,67964,UUUUACUAAC
Amborella_trichopoda,70370,UUCUUGUGAU
Amborella_trichopoda,70382,CUGUAACUGG
Amborella_trichopoda,70598,UUGUACUUGC
Amborella_trichopoda,70688,UUCAUUAUAG
Amborella_trichopoda,71885,UUACAGAUAA
Amborella_trichopoda,72402,CUAUAACUAG
Amborella_trichopoda,72423,UUCUACUGGC
Amborella_trichopoda,72666,UGAUUGAAGU
Amborella_trichopoda,74623,CUCGUAUUUU
Amborella_trichopoda,75109,UUAAUCGUAA
Amborella_trichopoda,75539,CGUGGUCGGG
Amborella_trichopoda,76462,ACAGAAGCCC
Amborella_trichopoda,77685,CUAAUCAACC
Amborella_trichopoda,82333,CAUGUCAAUA
Amborella_trichopoda,82651,GGUUAUUCCU
Amborella_trichopoda,82844,UGUUAAUGCA
Amborella_trichopoda,85035,CUAUAGAUGC
Amborella_trichopoda,85188,CUCAAGAUAU
Amborella_trichopoda,85356,UCACAUGUGC
Amborella_trichopoda,86854,GAAUUCCUAG
Amborella_trichopoda,87892,CCGGGUCGAA
Amborella_trichopoda,90070,AAAUCCACUU
Amborella_trichopoda,90375,UGAACGAAGC
Amborella_trichopoda,92043,GAGUGCGGUU
Amborella_trichopoda,92683,ACAAUCAAUA
Amborella_trichopoda,98507,UAGCUCCGAA
Amborella_trichopoda,98738,CUAAUACAAU
Amborella_trichopoda,101676,UAGCAUCUAC
Amborella_trichopoda,101902,UUUUUCGGAA
Amborella_trichopoda,101964,UUUUGGCUCU
Amborella_trichopoda,102036,UUGUAUCAUU
Amborella_trichopoda,102055,CUAGGAACUU
Amborella_trichopoda,102327,CGAAAGUAGC
Amborella_trichopoda,103138,GGUUCAAGCU
Amborella_trichopoda,103171,CGAUUGCGCU
Amborella_trichopoda,103264,CUUGGCUAUA
Amborella_trichopoda,103289,UCUUCUAUUC
Amborella_trichopoda,103333,CUAAUGAGGC
Amborella_trichopoda,103408,CUAUCUUUGU
Amborella_trichopoda,103726,UUCUAAUGAU
Amborella_trichopoda,103782,CUUCCAUGGA
Amborella_trichopoda,105019,AUACCUCGAC
Amborella_trichopoda,105402,GUAUUGGCCA
Amborella_trichopoda,108145,CUGUAGGUGG
Amborella_trichopoda,108358,AUACCCCAGU
Amborella_trichopoda,112243,CCUGGGUGAU
Amborella_trichopoda,112302,ACUCAUCCGC
Amborella_trichopoda,112482,AUACUAGAUA
Amborella_trichopoda,113408,CCAGUGCCGG
Amborella_trichopoda,114098,CCUGGGGCGG
Amborella_trichopoda,118851,CCGCUUUAUU
Amborella_trichopoda,118887,AUAUUAUGUU
Amborella_trichopoda,119311,UUAGGAAUCU
Amborella_trichopoda,119415,UGUGUUCGUA
Amborella_trichopoda,119607,UUACUUCUAU
Amborella_trichopoda,119655,CCAUCAAUAG
Amborella_trichopoda,121925,UUUCAAUUGU
Amborella_trichopoda,122005,AUAGCUGUUU
Amborella_trichopoda,122642,UUACUUGGAC
Amborella_trichopoda,123355,AUUUAUUAUC
Amborella_trichopoda,123502,UGGCCUCUCU
Amborella_trichopoda,123718,CUCAUAUGGG
Amborella_trichopoda,123721,UAUCUCAUAU
Amborella_trichopoda,123787,UAAUCUAUGC
Amborella_trichopoda,123977,CUACCGAUUA
Amborella_trichopoda,123991,CUUAUGCUGU
Amborella_trichopoda,123997,UUAUUGCUUA
Amborella_trichopoda,124066,UGAAUUUUGA
Amborella_trichopoda,124282,GCGGUCAAAU
Amborella_trichopoda,124360,CUACUUUAGC
Amborella_trichopoda,124606,UAUCCGCGGG
Amborella_trichopoda,124663,AUCUUGUCUU
Amborella_trichopoda,125816,AAGCAGCUAU
Amborella_trichopoda,126374,CUUCCAAUUU
Amborella_trichopoda,126378,CAAUUUAAUU
Amborella_trichopoda,126776,UGUAUAUCCU
Amborella_trichopoda,126791,GGAUUGGUUC
Amborella_trichopoda,126808,AUUCUGCCUU
Amborella_trichopoda,126874,UGGUAUCUUU
Amborella_trichopoda,127686,ACGCUCUGAU
Amborella_trichopoda,127924,UACUGACAAC
Amborella_trichopoda,128036,UUGUUCCUGU
Amborella_trichopoda,129403,GUUAUAUGAG
Amborella_trichopoda,129708,AUAAAUAUUC
Amborella_trichopoda,129789,UAAGUAUAGG
Amborella_trichopoda,130071,UUUUUACUCU
Amborella_trichopoda,130077,UCCCUAUUUU
Amborella_trichopoda,130862,GCUGCUGAUU
Amborella_trichopoda,132156,CUCGUUUCAG
Amborella_trichopoda,132229,UUUCUUUGGC
Amborella_trichopoda,132414,UUCCUGAAAA
Amborella_trichopoda,139539,CCUGGGGCGG
Amborella_trichopoda,140229,CCAGUGCCGG
Amborella_trichopoda,141155,AUACUAGAUA
Amborella_trichopoda,141335,ACUCAUCCGC
Amborella_trichopoda,141394,CCUGGGUGAU
Amborella_trichopoda,145279,AUACCCCAGU
Amborella_trichopoda,145492,CUGUAGGUGG
Amborella_trichopoda,148235,GUAUUGGCCA
Amborella_trichopoda,148618,AUACCUCGAC
Amborella_trichopoda,149855,CUUCCAUGGA
Amborella_trichopoda,149911,UUCUAAUGAU
Amborella_trichopoda,150229,CUAUCUUUGU
Amborella_trichopoda,150304,CUAAUGAGGC
Amborella_trichopoda,150348,UCUUCUAUUC
Amborella_trichopoda,150373,CUUGGCUAUA
Amborella_trichopoda,150466,CGAUUGCGCU
Amborella_trichopoda,150499,GGUUCAAGCU
Amborella_trichopoda,151310,CGAAAGUAGC
Amborella_trichopoda,151582,CUAGGAACUU
Amborella_trichopoda,151601,UUGUAUCAUU
Amborella_trichopoda,151673,UUUUGGCUCU
Amborella_trichopoda,151735,UUUUUCGGAA
Amborella_trichopoda,151961,UAGCAUCUAC
Amborella_trichopoda,155130,UAGCUCCGAA
Amborella_trichopoda,160954,ACAAUCAAUA
Amborella_trichopoda,161594,GAGUGCGGUU
Arabidopsis_thaliana,2931,UUCUUAUAUA
Arabidopsis_thaliana,12707,UUUUAGCAAC
Arabidopsis_thaliana,23898,UUCGUGUAUA
Arabidopsis_thaliana,25779,CUAUUCUAGU
Arabidopsis_thaliana,25992,AUUCCCUUGG
Arabidopsis_thaliana,35800,UAAUUAUUAC
Arabidopsis_thaliana,37092,GAAAAUUACA
Arabidopsis_thaliana,37161,UGAUUCGUCG
Arabidopsis_thaliana,57868,AAAGAAUCGA
Arabidopsis_thaliana,58642,UUCUUGUUUA
Arabidopsis_thaliana,63985,CUGUACCUAC
Arabidopsis_thaliana,64109,ACAGGCCGUU
Arabidopsis_thaliana,65716,UGAGUCCCUU
Arabidopsis_thaliana,69942,ACAGAAGCCC
Arabidopsis_thaliana,78691,UUACACGUGC
Arabidopsis_thaliana,86055,AUGUCGAAUC
Arabidopsis_thaliana,94999,UAGCAUCUAC
Arabidopsis_thaliana,95225,UUUUUUGGAA
Arabidopsis_thaliana,95608,UUCCUUUUUA
Arabidopsis_thaliana,95644,UAGCUGCUUU
Arabidopsis_thaliana,95650,CGAAAGUAGC
Arabidopsis_thaliana,96419,UUUCCCUAGC
Arabidopsis_thaliana,96579,UCUUCUAUUC
Arabidopsis_thaliana,96698,CUAUCUUUGU
Arabidopsis_thaliana,97016,UUCUGAUGAU
Arabidopsis_thaliana,112349,UUACUUCUAU
Arabidopsis_thaliana,116281,CAGCUUUAAC
Arabidopsis_thaliana,116290,UAAUUUAUGC
Arabidopsis_thaliana,116494,CUUUUGCCGU
Arabidopsis_thaliana,116785,GCGGUCAAAU
Arabidopsis_thaliana,118858,UAGUUUUUCU
Arabidopsis_thaliana,124903,UAACAUUUAU
Arabidopsis_thaliana,141633,UUCUGAUGAU
Arabidopsis_thaliana,141951,CUAUCUUUGU
Arabidopsis_thaliana,142070,UCUUCUAUUC
Arabidopsis_thaliana,142230,UUUCCCUAGC
Arabidopsis_thaliana,142999,CGAAAGUAGC
Arabidopsis_thaliana,143005,UAGCUGCUUU
Arabidopsis_thaliana,143041,UUCCUUUUUA
Arabidopsis_thaliana,143424,UUUUUUGGAA
Arabidopsis_thaliana,143650,UAGCAUCUAC
Arabidopsis_thaliana,152594,AUGUCGAAUC
Capsicum_annuum,5754,AGUAAUGUCU
Capsicum_annuum,12286,UCGGACUUGA
Capsicum_annuum,13295,UUUUAGCAAC
Capsicum_annuum,16640,AUAAAGCAGC
Capsicum_annuum,16754,AGGGUAUUCA
Capsicum_annuum,17544,UGUCUAAUGU
Capsicum_annuum,19726,GCCUCGCCUG
Capsicum_annuum,25459,GGGAGGGUUA
Capsicum_annuum,26908,CUAUUCUAGU
Capsicum_annuum,26986,AUUGGGGAGG
Capsicum_annuum,38580,CGAUUCGUCG
Capsicum_annuum,39173,CUGUGAAACG
Capsicum_annuum,40043,UCCACGCCCC
Capsicum_annuum,44675,CUUAUGUAAU
Capsicum_annuum,52639,UUUUUUUGGG
Capsicum_annuum,67353,CGAAUUAUAG
Capsicum_annuum,67544,ACUGGCCGUU
Capsicum_annuum,77148,AAGUUUUUGG
Capsicum_annuum,79340,GGUUAUUCCU
Capsicum_annuum,79533,UGUUAAUGCA
Capsicum_annuum,81362,UUUUUAUUGA
Capsicum_annuum,81992,UCACACGUGU
Capsicum_annuum,82127,GUGUUGAAUC
Capsicum_annuum,87448,AAGCUUACUC
Capsicum_annuum,88266,AGACAUCUCU
Capsicum_annuum,89210,AUGUCGAAUC
Capsicum_annuum,89228,AAAAUCAAUA
Capsicum_annuum,97958,UAGCAUCUAC
Capsicum_annuum,98603,UAGCUGCUUU
Capsicum_annuum,98609,CGAAAGUAGC
Capsicum_annuum,99372,UUUCCCUAGC
Capsicum_annuum,99381,GGUUCAAGCU
Capsicum_annuum,99507,CUUGGCUAUA
Capsicum_annuum,99532,UCUUCUAUUC
Capsicum_annuum,99651,CUAUCUUUGU
Capsicum_annuum,99969,UUCUGAUGAU
Capsicum_annuum,101147,ACUAUUUCGG
Capsicum_annuum,101599,GUAUUGGCCA
Capsicum_annuum,104062,UCAUUGCUUC
Capsicum_annuum,108095,ACUCAUCCGC
Capsicum_annuum,108267,AAUUUUAAGG
Capsicum_annuum,108272,UUUUUAAUUU
Capsicum_annuum,108380,UUUAUCACUG
Capsicum_annuum,108410,CCUCCUGGCU
Capsicum_annuum,108530,CGAUGUAUUU
Capsicum_annuum,108570,UCGCGCGGAG
Capsicum_annuum,108965,ACAGGUACCC
Capsicum_annuum,108969,GGGUACAGGU
Capsicum_annuum,109547,GGUUAGAAUU
Capsicum_annuum,115770,GUACCAAAAA
Capsicum_annuum,118232,AUUUAUUAUC
Capsicum_annuum,118244,UAACUCCUAU
Capsicum_annuum,118664,UAAUCUAUGC
Capsicum_annuum,118868,CUUUUGCUGU
Capsicum_annuum,118943,UAAAUUUUGA
Capsicum_annuum,119159,GUGGCCAAAU
Capsicum_annuum,120870,UAAUUACUAC
Capsicum_annuum,121167,UAGUCUUUCU
Capsicum_annuum,122216,UAUUGACAAC
Capsicum_annuum,124105,UCUUUCUAAG
Capsicum_annuum,134601,GGUUAGAAUU
Capsicum_annuum,135179,GGGUACAGGU
Capsicum_annuum,135183,ACAGGUACCC
Capsicum_annuum,135578,UCGCGCGGAG
Capsicum_annuum,135618,CGAUGUAUUU
Capsicum_annuum,135738,CCUCCUGGCU
Capsicum_annuum,135768,UUUAUCACUG
Capsicum_annuum,135876,UUUUUAAUUU
Capsicum_annuum,135881,AAUUUUAAGG
Capsicum_annuum,136053,ACUCAUCCGC
Capsicum_annuum,140086,UCAUUGCUUC
Capsicum_annuum,142549,GUAUUGGCCA
Capsicum_annuum,143001,ACUAUUUCGG
Capsicum_annuum,144179,UUCUGAUGAU
Capsicum_annuum,144497,CUAUCUUUGU
Capsicum_annuum,144616,UCUUCUAUUC
Capsicum_annuum,144641,CUUGGCUAUA
Capsicum_annuum,144767,GGUUCAAGCU
Capsicum_annuum,144776,UUUCCCUAGC
Capsicum_annuum,145539,CGAAAGUAGC
Capsicum_annuum,145545,UAGCUGCUUU
Capsicum_annuum,146190,UAGCAUCUAC
Capsicum_annuum,154920,AAAAUCAAUA
Capsicum_annuum,154938,AUGUCGAAUC
Capsicum_annuum,155882,AGACAUCUCU
Capsicum_annuum,156700,AAGCUUACUC
Gossypium_raimondii,10625,AAGUCGCUGG
Gossypium_raimondii,10859,AAAGAGCCGC
Gossypium_raimondii,13118,UUUUAGCAAC
Gossypium_raimondii,15421,UUUCUUUAGU
Gossypium_raimondii,16725,AUAAAGCCGC
Gossypium_raimondii,16839,AGGGUAUUCA
Gossypium_raimondii,23096,UACGAUUACG
Gossypium_raimondii,24311,AACUCCGAAU
Gossypium_raimondii,25165,UUCGUGUAUA
Gossypium_raimondii,27025,UAUCAGCUAU
Gossypium_raimondii,27040,CUAUUCUAGU
Gossypium_raimondii,37606,UAAUUGCUAC
Gossypium_raimondii,39096,GAAAGUUACA
Gossypium_raimondii,39165,UGAUUCGUCG
Gossypium_raimondii,53305,UCCUAAUUGU
Gossypium_raimondii,58028,UUCCAUCUAU
Gossypium_raimondii,61615,AUAGAAUCGA
Gossypium_raimondii,62206,AGGGUUUAUU
Gossypium_raimondii,62224,UCGUACCACG
Gossypium_raimondii,63136,CAAUGGCUUC
Gossypium_raimondii,68121,UCCAUAUUAC
Gossypium_raimondii,68176,CGGUAACUGG
Gossypium_raimondii,68560,CUGUACCUAC
Gossypium_raimondii,69751,UUAGCUCCUU
Gossypium_raimondii,72402,CUCGUAUUUU
Gossypium_raimondii,72748,CACAAAUAGC
Gossypium_raimondii,74162,ACAGAAGCCC
Gossypium_raimondii,74403,ACUCACAUAA
Gossypium_raimondii,78711,CCUUAGUCGC
Gossypium_raimondii,80426,GGUUAUUCCU
Gossypium_raimondii,82438,UUUUUAUUGA
Gossypium_raimondii,83068,UUACACGUGC
Gossypium_raimondii,90502,AUGUCGAAUC
Gossypium_raimondii,90520,AAAAUCAAUA
Gossypium_raimondii,99519,UAGCAUCUAC
Gossypium_raimondii,99745,UUUUUCGGAA
Gossypium_raimondii,100164,UAGCUGCUUU
Gossypium_raimondii,100170,CGAAAGUAGC
Gossypium_raimondii,100943,UUUCCCUAGC
Gossypium_raimondii,100952,GGUUCAAGCU
Gossypium_raimondii,101078,CUUGGCUAUA
Gossypium_raimondii,101103,UCUUCUAUUC
Gossypium_raimondii,101147,CUAAUGAGGC
Gossypium_raimondii,101222,CUAUCUUUGU
Gossypium_raimondii,101540,UUCUGAUGAU
Gossypium_raimondii,102770,ACUAUUUCGG
Gossypium_raimondii,102911,UUAUAUGUCC
Gossypium_raimondii,105988,UCAUUGCUUC
Gossypium_raimondii,106674,AUCACCGGCA
Gossypium_raimondii,109687,UGCUUUCUUU
Gossypium_raimondii,109992,UAUUUCACUC
Gossypium_raimondii,110253,ACUCAUCCGC
Gossypium_raimondii,110450,CUCACUGGCC
Gossypium_raimondii,122190,UUUUACUAAG
Gossypium_raimondii,125075,UAGUUUUUCU
Gossypium_raimondii,126026,AAGCAGCUAU
Gossypium_raimondii,127099,GUGGUCAAAU
Gossypium_raimondii,127390,CUUUUGCUGU
Gossypium_raimondii,127594,UAAUUUAUGC
Gossypium_raimondii,128014,UAACUCCUAU
Gossypium_raimondii,128026,AUUUAUUAUC
Gossypium_raimondii,132471,UUACCUCUAU
Gossypium_raimondii,138366,CUCACUGGCC
Gossypium_raimondii,138563,ACUCAUCCGC
Gossypium_raimondii,138824,UAUUUCACUC
Gossypium_raimondii,139129,UGCUUUCUUU
Gossypium_raimondii,142142,AUCACCGGCA
Gossypium_raimondii,142828,UCAUUGCUUC
Gossypium_raimondii,145905,UUAUAUGUCC
Gossypium_raimondii,146046,ACUAUUUCGG
Gossypium_raimondii,147276,UUCUGAUGAU
Gossypium_raimondii,147594,CUAUCUUUGU
Gossypium_raimondii,147669,CUAAUGAGGC
Gossypium_raimondii,147713,UCUUCUAUUC
Gossypium_raimondii,147738,CUUGGCUAUA
Gossypium_raimondii,147864,GGUUCAAGCU
Gossypium_raimondii,147873,UUUCCCUAGC
Gossypium_raimondii,148646,CGAAAGUAGC
Gossypium_raimondii,148652,UAGCUGCUUU
Gossypium_raimondii,149071,UUUUUCGGAA
Gossypium_raimondii,149297,UAGCAUCUAC
Gossypium_raimondii,158296,AAAAUCAAUA
Gossypium_raimondii,158314,AUGUCGAAUC
Helianthus_annuus,5833,AGUAAUGUCU
Helianthus_annuus,22912,UGUCUAAUGU
Helianthus_annuus,23740,AAGGUAUUCA
Helianthus_annuus,23854,AUAAAGAAGC
Helianthus_annuus,25161,UUUCUUUAGU
Helianthus_annuus,36762,GAAAGUUACA
Helianthus_annuus,36831,UGAUUCGUCG
Helianthus_annuus,57345,AUAGAAUCGA
Helianthus_annuus,57954,UCGUACCACG
Helianthus_annuus,58806,GCUUCUUUAU
Helianthus_annuus,63660,CGAAUUAUAG
Helianthus_annuus,63727,CUGUACCUAC
Helianthus_annuus,65327,UUAGCUCCUU
Helianthus_annuus,75641,UGUUAAUGCA
Helianthus_annuus,77446,UUUUUAUUGA
Helianthus_annuus,78070,UCACACGCGC
Helianthus_annuus,85403,AAAAUCAAUA
Helianthus_annuus,93318,UAGCAUCUAC
Helianthus_annuus,93969,CGAAAGUAGC
Helianthus_annuus,94723,UUUCCCUAGC
Helianthus_annuus,94732,GGUUCAAGCU
Helianthus_annuus,94883,UCUUCUAUUC
Helianthus_annuus,95002,CUAUCUUUGU
Helianthus_annuus,95320,UUCUGAUGAU
Helianthus_annuus,96965,GUAUUGGCCA
Helianthus_annuus,99871,GAGCGGUGAA
Helianthus_annuus,100548,CAUACGGCGG
Helianthus_annuus,104830,CCAGUGCCGG
Helianthus_annuus,113993,GCUGCUGAUU
Helianthus_annuus,114778,UCCCUAUUUU
Helianthus_annuus,116716,UUGUUCUUGU
Helianthus_annuus,116828,UAUUAACAAC
Helianthus_annuus,118155,UAAUUACUAC
Helianthus_annuus,119428,AUCUUGUCUU
Helianthus_annuus,119809,GUGGUCAAAU
Helianthus_annuus,120025,UAAAUUUUGA
Helianthus_annuus,120304,UAAUCUAUGC
Helianthus_annuus,120736,AUUUAUUAUC
Helianthus_annuus,124458,UUACUUCUAU
Helianthus_annuus,129803,CCAGUGCCGG
Helianthus_annuus,134085,CAUACGGCGG
Helianthus_annuus,134762,GAGCGGUGAA
Helianthus_annuus,137668,GUAUUGGCCA
Helianthus_annuus,139313,UUCUGAUGAU
Helianthus_annuus,139631,CUAUCUUUGU
Helianthus_annuus,139750,UCUUCUAUUC
Helianthus_annuus,139901,GGUUCAAGCU
Helianthus_annuus,139910,UUUCCCUAGC
Helianthus_annuus,140664,CGAAAGUAGC
Helianthus_annuus,141315,UAGCAUCUAC
Helianthus_annuus,149230,AAAAUCAAUA
Nymphaea_Joey_Tomocik,2465,AAUCUCUCUC
Nymphaea_Joey_Tomocik,3556,ACAAUGACAA
Nymphaea_Joey_Tomocik,5366,CUGUUCAUGA
Nymphaea_Joey_Tomocik,5996,AUGUUGCUGC
Nymphaea_Joey_Tomocik,9882,CCGCUUUAGU
Nymphaea_Joey_Tomocik,12382,AAAGAGCCGC
Nymphaea_Joey_Tomocik,16916,UUGCUUUAGC
Nymphaea_Joey_Tomocik,17978,GGCUCGGUGG
Nymphaea_Joey_Tomocik,18044,AUAAGGCAGC
Nymphaea_Joey_Tomocik,18158,AAGGUAUUCA
Nymphaea_Joey_Tomocik,18945,UGUCUAAUGU
Nymphaea_Joey_Tomocik,19827,CAUCAUCUAA
Nymphaea_Joey_Tomocik,20328,AAAAAUAUUU
Nymphaea_Joey_Tomocik,22131,CUUUAACGGA
Nymphaea_Joey_Tomocik,24014,UUGAUGGGGG
Nymphaea_Joey_Tomocik,24363,UAUGAAAUCC
Nymphaea_Joey_Tomocik,25223,AUAUCGCGAA
Nymphaea_Joey_Tomocik,25331,AAUGCGGAGU
Nymphaea_Joey_Tomocik,26425,UUCGUGUAUA
Nymphaea_Joey_Tomocik,26851,GGGAAGGUUA
Nymphaea_Joey_Tomocik,27673,UUCAUGGGCG
Nymphaea_Joey_Tomocik,28228,UUUUCUUGUC
Nymphaea_Joey_Tomocik,28285,UAUCAGCUAU
Nymphaea_Joey_Tomocik,28300,CUAUUCUAGU
Nymphaea_Joey_Tomocik,28378,AUUGGGGAGG
Nymphaea_Joey_Tomocik,28513,AUUCCUUGGG
Nymphaea_Joey_Tomocik,39517,UAAUUGCUAC
Nymphaea_Joey_Tomocik,40537,UAAAAUUGCA
Nymphaea_Joey_Tomocik,40606,UGAUUCGUCG
Nymphaea_Joey_Tomocik,47087,AUGAAGCUAU
Nymphaea_Joey_Tomocik,47998,UUAUUGAUAA
Nymphaea_Joey_Tomocik,52891,CCAUUGCUGU
Nymphaea_Joey_Tomocik,53005,AGAUGCAGGG
Nymphaea_Joey_Tomocik,53890,UCCUAGUUGU
Nymphaea_Joey_Tomocik,53902,UUUUCGUGCU
Nymphaea_Joey_Tomocik,56983,AAUGACCUAC
Nymphaea_Joey_Tomocik,63520,AGGGUUUAUU
Nymphaea_Joey_Tomocik,63553,UUUUAAAAGG
Nymphaea_Joey_Tomocik,65126,UGUGGUGCAC
Nymphaea_Joey_Tomocik,65390,AAAAAGCUGC
Nymphaea_Joey_Tomocik,67403,UUCAAAUGCA
Nymphaea_Joey_Tomocik,69838,UUAAUUAUAG
Nymphaea_Joey_Tomocik,70149,UCAUUGCAGG
Nymphaea_Joey_Tomocik,71595,UUAGUUCCUU
Nymphaea_Joey_Tomocik,71634,UUCUACUGAC
Nymphaea_Joey_Tomocik,71646,CUUUAACUAU
Nymphaea_Joey_Tomocik,74399,CACAAAUAGC
Nymphaea_Joey_Tomocik,75747,ACAGAAGCUC
Nymphaea_Joey_Tomocik,76853,CUAAUCAACC
Nymphaea_Joey_Tomocik,81489,CAUGUCAAUA
Nymphaea_Joey_Tomocik,82000,UGUUAAUGCA
Nymphaea_Joey_Tomocik,83361,ACUUUAGGUC
Nymphaea_Joey_Tomocik,84312,CUAUAGAUGC
Nymphaea_Joey_Tomocik,84471,CUCAAGACAU
Nymphaea_Joey_Tomocik,84639,UUACGCGCGC
Nymphaea_Joey_Tomocik,86146,GAAUUCCUAG
Nymphaea_Joey_Tomocik,88528,CGAGUUAAAA
Nymphaea_Joey_Tomocik,89081,AAAUCCACUU
Nymphaea_Joey_Tomocik,91790,ACAAUCAAUA
Nymphaea_Joey_Tomocik,97463,UAGCUCCGAA
Nymphaea_Joey_Tomocik,97694,CUAAUACAAU
Nymphaea_Joey_Tomocik,100685,UAGCAUCUAC
Nymphaea_Joey_Tomocik,100973,UUUUGGCUCU
Nymphaea_Joey_Tomocik,101330,UAGCUGCUUU
Nymphaea_Joey_Tomocik,101336,CGAAAGUAGC
Nymphaea_Joey_Tomocik,102134,GGUUCAAGCU
Nymphaea_Joey_Tomocik,102167,CGAUUGCGCU
Nymphaea_Joey_Tomocik,102260,CUUGGCUAUA
Nymphaea_Joey_Tomocik,102404,CUAUCUUUGU
Nymphaea_Joey_Tomocik,103357,AGGAAAAGCA
Nymphaea_Joey_Tomocik,105201,UGGAUAAGCU
Nymphaea_Joey_Tomocik,106721,GUUUCCAGCU
Nymphaea_Joey_Tomocik,107195,CCUCUGCCCC
Nymphaea_Joey_Tomocik,108011,UCCAGUCACU
Nymphaea_Joey_Tomocik,111818,UCCGUCCCUC
Nymphaea_Joey_Tomocik,117073,AAUUUGAUAC
Nymphaea_Joey_Tomocik,117225,UUACUUCUAU
Nymphaea_Joey_Tomocik,120903,AUUUAUUAUC
Nymphaea_Joey_Tomocik,120915,UAACUCCUAU
Nymphaea_Joey_Tomocik,121326,CAGCUUUAAC
Nymphaea_Joey_Tomocik,121539,CUUAUGCUGU
Nymphaea_Joey_Tomocik,121830,GUGGUCAAAU
Nymphaea_Joey_Tomocik,121908,CUACUUUAGC
Nymphaea_Joey_Tomocik,123053,AAGCAGCUAU
Nymphaea_Joey_Tomocik,123771,UAAUUGCUAC
Nymphaea_Joey_Tomocik,123963,CUUUAUUUUA
Nymphaea_Joey_Tomocik,124068,UAGUAUCUCU
Nymphaea_Joey_Tomocik,125100,UAUUGACAAC
Nymphaea_Joey_Tomocik,125145,AUCUUGGGUG
Nymphaea_Joey_Tomocik,125212,UUGUUCCUGU
Nymphaea_Joey_Tomocik,126577,AAAUACCGUU
Nymphaea_Joey_Tomocik,126631,AUAAAUAUUC
Nymphaea_Joey_Tomocik,127779,GCUGCUGAUU
Nymphaea_Joey_Tomocik,129064,GUCGUUUCAG
Nymphaea_Joey_Tomocik,129137,UUUCUUUGGC
Nymphaea_Joey_Tomocik,138176,UCCGUCCCUC
Nymphaea_Joey_Tomocik,141983,UCCAGUCACU
Nymphaea_Joey_Tomocik,142799,CCUCUGCCCC
Nymphaea_Joey_Tomocik,143273,GUUUCCAGCU
Nymphaea_Joey_Tomocik,144793,UGGAUAAGCU
Nymphaea_Joey_Tomocik,146637,AGGAAAAGCA
Nymphaea_Joey_Tomocik,147590,CUAUCUUUGU
Nymphaea_Joey_Tomocik,147734,CUUGGCUAUA
Nymphaea_Joey_Tomocik,147827,CGAUUGCGCU
Nymphaea_Joey_Tomocik,147860,GGUUCAAGCU
Nymphaea_Joey_Tomocik,148658,CGAAAGUAGC
Nymphaea_Joey_Tomocik,148664,UAGCUGCUUU
Nymphaea_Joey_Tomocik,149021,UUUUGGCUCU
Nymphaea_Joey_Tomocik,149309,UAGCAUCUAC
Nymphaea_Joey_Tomocik,152300,CUAAUACAAU
Nymphaea_Joey_Tomocik,152531,UAGCUCCGAA
Nymphaea_Joey_Tomocik,158204,ACAAUCAAUA
Oryza_sativa,1946,AAUCUUUUUC
Oryza_sativa,5035,AGUAAUGUUU
Oryza_sativa,8128,AAGAGAAAAU
Oryza_sativa,19682,AUUGGGGAGG
Oryza_sativa,19760,CUAUUCUAGU
Oryza_sativa,28834,UGUCUAAUGU
Oryza_sativa,29675,AAGGUACUCA
Oryza_sativa,35359,AAGUAGCUGG
Oryza_sativa,36543,UGAUUCGUCG
Oryza_sativa,42905,AUUAUUAUGA
Oryza_sativa,49643,UUUAUGUUUC
Oryza_sativa,54921,AGUAUUUGCG
Oryza_sativa,70756,UUUAGUCGCC
Oryza_sativa,70757,CUUUAGUCGC
Oryza_sativa,74829,CUAUAGAUGC
Oryza_sativa,74919,AUCCGUAACU
Oryza_sativa,76940,GAUAUUUCUU
Oryza_sativa,79483,ACCUUUUUUG
Oryza_sativa,82675,GAAUACUUAA
Oryza_sativa,85459,UAGCAUCUAC
Oryza_sativa,86104,UUGCUGCUUU
Oryza_sativa,86110,CGAAAGUUGC
Oryza_sativa,86915,GGUUCAAGCU
Oryza_sativa,86948,CAAUUGCGCU
Oryza_sativa,87041,CUUGGCUAUA
Oryza_sativa,87066,UCUUCUAUUC
Oryza_sativa,87185,CUAUCUUUGU
Oryza_sativa,88863,UUAUAUGUCC
Oryza_sativa,103591,UUCCAGUUAU
Oryza_sativa,107039,UAAUCUAUGC
Oryza_sativa,109427,UAAUGACUAC
Oryza_sativa,109783,UACUAUUAAU
Oryza_sativa,110672,UAUUAACAAC
Oryza_sativa,112257,AUAAAUAUUC
Oryza_sativa,126293,UUAUAUGUCC
Oryza_sativa,127971,CUAUCUUUGU
Oryza_sativa,128090,UCUUCUAUUC
Oryza_sativa,128115,CUUGGCUAUA
Oryza_sativa,128208,CAAUUGCGCU
Oryza_sativa,128241,GGUUCAAGCU
Oryza_sativa,129046,CGAAAGUUGC
Oryza_sativa,129052,UUGCUGCUUU
Oryza_sativa,129697,UAGCAUCUAC
Oryza_sativa,132481,GAAUACUUAA
Phoenix_dactylifera,2531,UACGAUUAAC
Phoenix_dactylifera,3080,UACUUGUGAA
Phoenix_dactylifera,3104,GUUAUGACAA
Phoenix_dactylifera,5468,AGUAAUGUCU
Phoenix_dactylifera,11180,AAGUAGCUGG
Phoenix_dactylifera,11414,AAAGAGCCGC
Phoenix_dactylifera,13656,UUUUAGCAAC
Phoenix_dactylifera,15486,UUUCUUUAGU
Phoenix_dactylifera,15687,UUGCUUUAGC
Phoenix_dactylifera,16843,AUAAAGCAGC
Phoenix_dactylifera,16957,AAGGUAUUCA
Phoenix_dactylifera,18618,CAUCAUCCAA
Phoenix_dactylifera,19128,AAAAGUAUUU
Phoenix_dactylifera,22048,UAUGCUUAUC
Phoenix_dactylifera,23048,AACAAUUAUC
Phoenix_dactylifera,23154,UAUGAAAUCC
Phoenix_dactylifera,24363,AACUUCGAAU
Phoenix_dactylifera,25217,UUCGUGUAUA
Phoenix_dactylifera,25643,GGGAAGGUUA
Phoenix_dactylifera,27020,UUUUCUUGUC
Phoenix_dactylifera,27077,UAUCAGCUAU
Phoenix_dactylifera,27092,CUAUUCUAGU
Phoenix_dactylifera,27170,AUUGGGGGGG
Phoenix_dactylifera,36472,UAAUUGCGAC
Phoenix_dactylifera,37580,GAAAAUUGCA
Phoenix_dactylifera,37649,UGAUUCGUCG
Phoenix_dactylifera,43569,CUUAUGUAAU
Phoenix_dactylifera,44046,AUGAAGCUAU
Phoenix_dactylifera,44052,AUUAUUAUGA
Phoenix_dactylifera,44266,UUCUUGUAAA
Phoenix_dactylifera,44913,UUAUUGAUAA
Phoenix_dactylifera,50006,CCAUUGCUGU
Phoenix_dactylifera,50864,UUAUUUCAAC
Phoenix_dactylifera,51025,UCCUAAUUGU
Phoenix_dactylifera,51037,UUUUCGUGCU
Phoenix_dactylifera,54941,GAGUUAAGCA
Phoenix_dactylifera,60294,AAAUAUCUUC
Phoenix_dactylifera,60522,AAGGCUUAUU
Phoenix_dactylifera,60540,UUGUACCACG
Phoenix_dactylifera,61574,CAAUGGCUUC
Phoenix_dactylifera,62215,UGUGGUGCAC
Phoenix_dactylifera,62766,CCCUCCCAUA
Phoenix_dactylifera,67692,UUAGCUCUUU
Phoenix_dactylifera,67742,GCUUUAACUA
Phoenix_dactylifera,67743,CUUUAACUAU
Phoenix_dactylifera,72007,ACAGAAGCCC
Phoenix_dactylifera,78150,GGUUAUUCCU
Phoenix_dactylifera,78343,UGUUAAUGCA
Phoenix_dactylifera,79811,ACUUUAGGUC
Phoenix_dactylifera,80842,UCACACGUGC
Phoenix_dactylifera,82471,AAUAUUUCUU
Phoenix_dactylifera,85114,CGCGCUAAAA
Phoenix_dactylifera,85227,CUGAACAAAC
Phoenix_dactylifera,85667,AAAUCCACUU
Phoenix_dactylifera,85903,UGAACGAAGC
Phoenix_dactylifera,88312,AAAUACUUAA
Phoenix_dactylifera,88525,AUGUCGAAUC
Phoenix_dactylifera,88543,ACAAUCAAUA
Phoenix_dactylifera,97547,UAGCAUCUAC
Phoenix_dactylifera,97835,UUUUGGCUCU
Phoenix_dactylifera,97916,UUGCUUGCAU
Phoenix_dactylifera,98192,UAGCUGCUUU
Phoenix_dactylifera,98198,CGAAAGUAGC
Phoenix_dactylifera,99000,GGUUCAAGCU
Phoenix_dactylifera,99033,CAAUUGCGCU
Phoenix_dactylifera,99151,UCUUCUAUUC
Phoenix_dactylifera,99195,CUAAUGAGGC
Phoenix_dactylifera,99270,CUAUCUUUGU
Phoenix_dactylifera,99588,UUCUGAUGAU
Phoenix_dactylifera,100216,AGGAAAAGCA
Phoenix_dactylifera,100878,AUACCUCGAC
Phoenix_dactylifera,102129,UGGAUAAGCU
Phoenix_dactylifera,103417,CCUGGAGUUC
Phoenix_dactylifera,115199,AAUUUGAUAC
Phoenix_dactylifera,115249,CUUAUAUGAG
Phoenix_dactylifera,115351,UUACUUCUAU
Phoenix_dactylifera,115514,CGUAUAUGGG
Phoenix_dactylifera,115579,UUACAGUUAC
Phoenix_dactylifera,117837,UAUUCGCGAU
Phoenix_dactylifera,118398,AUUUAUUAUC
Phoenix_dactylifera,118515,GUUUUGUUGC
Phoenix_dactylifera,118761,CUCACAUGGG
Phoenix_dactylifera,119034,CUUAUGCUGU
Phoenix_dactylifera,119325,GCGGUCAAAU
Phoenix_dactylifera,119649,UAUUCGCGGG
Phoenix_dactylifera,121496,UAAUUACUAU
Phoenix_dactylifera,122329,AUGAACUUUC
Phoenix_dactylifera,122825,UAUUGACAAC
Phoenix_dactylifera,124463,AUAAAUAUUC
Phoenix_dactylifera,125577,AUUUCUGCGA
Phoenix_dactylifera,125617,GCUGCUGAUC
Phoenix_dactylifera,126920,AUCGUUUCAG
Phoenix_dactylifera,142500,UGGAUAAGCU
Phoenix_dactylifera,143751,AUACCUCGAC
Phoenix_dactylifera,144413,AGGAAAAGCA
Phoenix_dactylifera,145041,UUCUGAUGAU
Phoenix_dactylifera,145359,CUAUCUUUGU
Phoenix_dactylifera,145434,CUAAUGAGGC
Phoenix_dactylifera,145478,UCUUCUAUUC
Phoenix_dactylifera,145596,CAAUUGCGCU
Phoenix_dactylifera,145629,GGUUCAAGCU
Phoenix_dactylifera,146431,CGAAAGUAGC
Phoenix_dactylifera,146437,UAGCUGCUUU
Phoenix_dactylifera,146713,UUGCUUGCAU
Phoenix_dactylifera,146794,UUUUGGCUCU
Phoenix_dactylifera,147082,UAGCAUCUAC
Phoenix_dactylifera,156086,ACAAUCAAUA
Phoenix_dactylifera,156104,AUGUCGAAUC
Phoenix_dactylifera,156317,AAAUACUUAA
Prunus_persica,2879,UACAAUUAAC
Prunus_persica,3428,GUUAUGAUAA
Prunus_persica,5351,CUGUUCAUGA
Prunus_persica,5939,AGUAAUGUCU
Prunus_persica,7879,UGGAUCACCC
Prunus_persica,10423,AUUACGUGAG
Prunus_persica,10538,AAGUAGCUGG
Prunus_persica,10772,AAAGAGCCGC
Prunus_persica,10895,UCAUUUAUGA
Prunus_persica,10913,GUGAACAACA
Prunus_persica,12950,UUUUAGCAAC
Prunus_persica,15049,UUUCUUUAGU
Prunus_persica,16361,AUAAAGCAGC
Prunus_persica,17253,UGUCUAAUGU
Prunus_persica,18285,AAUGGAUUGG
Prunus_persica,24789,UUCGUGUAUA
Prunus_persica,25215,GGGAGGGUUA
Prunus_persica,26649,UAUCAGCUAU
Prunus_persica,26664,CUAUUCUAGU
Prunus_persica,26877,AUUCCCUGGG
Prunus_persica,27263,CACUAUUUGC
Prunus_persica,30788,UUAUACUAUU
Prunus_persica,38485,GAAAGUUACA
Prunus_persica,38554,UGAUUCGUCG
Prunus_persica,45249,UUCUUGUAAA
Prunus_persica,50724,UGCUUAUUGA
Prunus_persica,51947,UUAUUUCAAC
Prunus_persica,52108,UCCUAAUUGU
Prunus_persica,59745,AUAGAAUCGA
Prunus_persica,60336,AGGGCUUAUU
Prunus_persica,60354,UCGUACCACG
Prunus_persica,61256,CAAUGGCUUC
Prunus_persica,65976,CGAAUCAUAG
Prunus_persica,66043,CUGUACCUAC
Prunus_persica,67685,UUAGCCUUUU
Prunus_persica,69924,UUUCUAUAAU
Prunus_persica,71766,AUAGAAGCCC
Prunus_persica,72010,UAUUCUUUAU
Prunus_persica,77860,GGUUAUUCCU
Prunus_persica,78053,UGUUAAUGCA
Prunus_persica,79911,UUUUUAUUGA
Prunus_persica,80541,UCACACGCGC
Prunus_persica,81114,UGUUCAAGCA
Prunus_persica,87934,AUGUCGAAUC
Prunus_persica,87952,AAAAUCAAUA
Prunus_persica,92751,UAUUUCUCGA
Prunus_persica,96888,UAGCAUCUAC
Prunus_persica,97533,UAGCUGCUUU
Prunus_persica,97539,CGAAAGUAGC
Prunus_persica,98303,UUUCCCUAGC
Prunus_persica,98312,GGUUCAAGCU
Prunus_persica,98438,CUUGGCUAUA
Prunus_persica,98463,UCUUCUAUUC
Prunus_persica,98507,CUAAUGAGGC
Prunus_persica,98582,CUAUCUUUGU
Prunus_persica,98900,UUCUGAUGAU
Prunus_persica,100125,ACUAUUUCGG
Prunus_persica,100266,UUAUAUGUCC
Prunus_persica,103081,GGGAAAAGAA
Prunus_persica,103097,UCAUUGCUUC
Prunus_persica,103783,AUCACCGGCA
Prunus_persica,104087,CCUUCGGCAU
Prunus_persica,107358,ACUCAUCCGC
Prunus_persica,114177,CUUAUAUGAG
Prunus_persica,114279,UUACUUCUAU
Prunus_persica,118632,UAACUCCUAU
Prunus_persica,119043,CAGCUUUAAC
Prunus_persica,119052,UAAUCUAUGC
Prunus_persica,119256,CUUUUGCUGU
Prunus_persica,119331,UAAAUUUUGA
Prunus_persica,119547,GCGGUCAAAU
Prunus_persica,119617,GCUACUUUAG
Prunus_persica,120630,AAGCAGCUAU
Prunus_persica,121606,UAGUCUUUCU
Prunus_persica,122660,UAUUAACAAC
Prunus_persica,122772,UUGUUCUUGU
Prunus_persica,124534,UUUUAGUAAG
Prunus_persica,125245,UGAAAUGAUA
Prunus_persica,125553,GCGGCCGAUC
Prunus_persica,125755,AAGAGCUAGC
Prunus_persica,130539,GACCACCGAG
Prunus_persica,130561,UAAUUUCUUU
Prunus_persica,130894,UUUUUAUAGA
Prunus_persica,131314,UUCUUACAUA
Prunus_persica,136401,ACUCAUCCGC
Prunus_persica,139672,CCUUCGGCAU
Prunus_persica,139976,AUCACCGGCA
Prunus_persica,140662,UCAUUGCUUC
Prunus_persica,140678,GGGAAAAGAA
Prunus_persica,143493,UUAUAUGUCC
Prunus_persica,143634,ACUAUUUCGG
Prunus_persica,144859,UUCUGAUGAU
Prunus_persica,145177,CUAUCUUUGU
Prunus_persica,145252,CUAAUGAGGC
Prunus_persica,145296,UCUUCUAUUC
Prunus_persica,145321,CUUGGCUAUA
Prunus_persica,145447,GGUUCAAGCU
Prunus_persica,145456,UUUCCCUAGC
Prunus_persica,146220,CGAAAGUAGC
Prunus_persica,146226,UAGCUGCUUU
Prunus_persica,146871,UAGCAUCUAC
Prunus_persica,151008,UAUUUCUCGA
Prunus_persica,155807,AAAAUCAAUA
Prunus_persica,155825,AUGUCGAAUC
Sorghum_bicolor,1960,AAUCUUUUUC
Sorghum_bicolor,5084,AGUAAUGUCU
Sorghum_bicolor,19644,CUUUAACGGG
Sorghum_bicolor,22204,AUUGGGGAGG
Sorghum_bicolor,22282,CUAUUUUAGU
Sorghum_bicolor,22297,UAUCAGCUAU
Sorghum_bicolor,22354,UUUUCUUGUC
Sorghum_bicolor,23631,UGUAUGCACC
Sorghum_bicolor,28579,ACAUCAGUAC
Sorghum_bicolor,29971,AAAAGUAUUU
Sorghum_bicolor,32230,AAGGUACUCA
Sorghum_bicolor,37907,AAGUAGCUGG
Sorghum_bicolor,39109,UGAUUCGUCG
Sorghum_bicolor,41830,UCAGUCUUAU
Sorghum_bicolor,45470,AUUAUUAUGA
Sorghum_bicolor,46375,UCAUUGAUAA
Sorghum_bicolor,47280,UAUUUUCCCG
Sorghum_bicolor,48704,ACGAAUAAUC
Sorghum_bicolor,51932,UUAUUUCAAC
Sorghum_bicolor,52400,UUUAUGUUUC
Sorghum_bicolor,54086,AUGUUAUAUA
Sorghum_bicolor,56461,UGGGAUUCGC
Sorghum_bicolor,63770,UAUAAAGAUG
Sorghum_bicolor,63821,UUCCAAUUAC
Sorghum_bicolor,65655,CUUUAACUAU
Sorghum_bicolor,66521,UUUAGUUUAU
Sorghum_bicolor,68527,CACAAGUAGC
Sorghum_bicolor,70811,CCCUUCUAGG
Sorghum_bicolor,72890,UUUAGUCGCC
Sorghum_bicolor,72891,CUUUAGUCGC
Sorghum_bicolor,74735,UGUUAAUGCA
Sorghum_bicolor,75076,AACCAGCCUA
Sorghum_bicolor,75356,AGUAACAAGU
Sorghum_bicolor,78543,UAGUUACGGA
Sorghum_bicolor,78933,GAUAUUUCUU
Sorghum_bicolor,84657,GAAUACUUAA
Sorghum_bicolor,89537,UAGCAUCUAC
Sorghum_bicolor,90188,CGAAAGUAGC
Sorghum_bicolor,90985,GGUUCAAGCU
Sorghum_bicolor,91111,CUUGGCUAUA
Sorghum_bicolor,91136,UCUUCUAUUC
Sorghum_bicolor,91255,CUAUCUUUGU
Sorghum_bicolor,92936,UUAUAUGUCC
Sorghum_bicolor,95804,GACCCGUAGG
Sorghum_bicolor,100004,AUAAGCAGUG
Sorghum_bicolor,100103,ACUCAUCCGC
Sorghum_bicolor,104531,GUAUCAAACC
Sorghum_bicolor,105380,CUUUUUUUUA
Sorghum_bicolor,107505,UUCCAGUUAU
Sorghum_bicolor,108022,GUCUUGUUUA
Sorghum_bicolor,110489,ACUCUUUCUU
Sorghum_bicolor,111009,UAAUCUAUGC
Sorghum_bicolor,111371,AAAAAUGGAA
Sorghum_bicolor,113423,UAAUGACUAC
Sorghum_bicolor,113779,UACUAGAAAU
Sorghum_bicolor,114608,UAUUAACAAC
Sorghum_bicolor,114877,UUUAUUAGUU
Sorghum_bicolor,116227,AUAAAUAUUC
Sorghum_bicolor,116650,AUUCUUUUUC
Sorghum_bicolor,118729,GUAUCAAACC
Sorghum_bicolor,123157,ACUCAUCCGC
Sorghum_bicolor,123256,AUAAGCAGUG
Sorghum_bicolor,127456,GACCCGUAGG
Sorghum_bicolor,130324,UUAUAUGUCC
Sorghum_bicolor,132005,CUAUCUUUGU
Sorghum_bicolor,132124,UCUUCUAUUC
Sorghum_bicolor,132149,CUUGGCUAUA
Sorghum_bicolor,132275,GGUUCAAGCU
Sorghum_bicolor,133072,CGAAAGUAGC
Sorghum_bicolor,133723,UAGCAUCUAC
Sorghum_bicolor,138603,GAAUACUUAA
Spirodela_polyrhiza,5284,AGAAUCAAAC
Spirodela_polyrhiza,15203,UUUUAGCAAC
Spirodela_polyrhiza,18456,AAGGUAUUCA
Spirodela_polyrhiza,20135,UAUCAUCCAA
Spirodela_polyrhiza,20639,AAAAGUAUUU
Spirodela_polyrhiza,25833,AACUUCGAAU
Spirodela_polyrhiza,26691,UUCGUGUAUA
Spirodela_polyrhiza,28650,AUUGGGGAGG
Spirodela_polyrhiza,40491,UAAUUGCGAC
Spirodela_polyrhiza,47241,UUGCAGAGGC
Spirodela_polyrhiza,48224,AUGAAGCUAU
Spirodela_polyrhiza,48230,AUUAUUAUGA
Spirodela_polyrhiza,48447,UUCUUGUAAA
Spirodela_polyrhiza,49098,AAUUGUAGCC
Spirodela_polyrhiza,54717,CCAUUGCUGU
Spirodela_polyrhiza,54835,AAGAAGAUGC
Spirodela_polyrhiza,55716,UCCCAAUUGU
Spirodela_polyrhiza,56026,UCUAUGUUUC
Spirodela_polyrhiza,70337,UUCUUGUGAU
Spirodela_polyrhiza,70715,CUGUACCUAC
Spirodela_polyrhiza,72275,UUCUAUUGGC
Spirodela_polyrhiza,74981,CGCAAAUAGC
Spirodela_polyrhiza,80900,CCUUAGUCGC
Spirodela_polyrhiza,85276,UAACACGUGC
Spirodela_polyrhiza,86875,AAAAUUUCUU
Spirodela_polyrhiza,90143,AAAUCCACUU
Spirodela_polyrhiza,90376,UGAACGAAGC
Spirodela_polyrhiza,92921,AUGUCGAAUC
Spirodela_polyrhiza,92939,ACAAUCAAUA
Spirodela_polyrhiza,98676,UAGCUCCGAA
Spirodela_polyrhiza,102053,UAGCAUCUAC
Spirodela_polyrhiza,102279,UUUUUCGGAA
Spirodela_polyrhiza,102341,UUUUGGCUCU
Spirodela_polyrhiza,102432,CUAGGAACUU
Spirodela_polyrhiza,102698,UAGCUGCUUU
Spirodela_polyrhiza,102704,CGAAAGUAGC
Spirodela_polyrhiza,103280,AAGGUGAAGC
Spirodela_polyrhiza,103501,GGUUCAAGCU
Spirodela_polyrhiza,103534,CAAUUGCGCU
Spirodela_polyrhiza,103652,UCUUCUAUUC
Spirodela_polyrhiza,103696,CUAAUGAGGC
Spirodela_polyrhiza,103771,CUAUCUUUGU
Spirodela_polyrhiza,103792,GUGGUGCUAA
Spirodela_polyrhiza,104089,UUCUGAUGAU
Spirodela_polyrhiza,105389,AUAUCUCGAC
Spirodela_polyrhiza,105777,GUAUUGGCCA
Spirodela_polyrhiza,106653,UGGAUAAGCU
Spirodela_polyrhiza,109513,CCUUCGGCAU
Spirodela_polyrhiza,112619,ACUCAUCCGC
Spirodela_polyrhiza,125342,UACCUGUUAC
Spirodela_polyrhiza,128852,AUUUAUUAUC
Spirodela_polyrhiza,128969,GUUUUGUUGC
Spirodela_polyrhiza,129215,CUCACAUGGG
Spirodela_polyrhiza,129284,UAAUUUAUGC
Spirodela_polyrhiza,129488,CUUUUGCUGU
Spirodela_polyrhiza,130160,AUCUUGUCUU
Spirodela_polyrhiza,133695,UAUUGACAAC
Spirodela_polyrhiza,133807,UUGUUCCUGU
Spirodela_polyrhiza,135281,AAAUACCAUU
Spirodela_polyrhiza,135335,AUAAAUAUUC
Spirodela_polyrhiza,147392,ACUCAUCCGC
Spirodela_polyrhiza,150498,CCUUCGGCAU
Spirodela_polyrhiza,153358,UGGAUAAGCU
Spirodela_polyrhiza,154234,GUAUUGGCCA
Spirodela_polyrhiza,154622,AUAUCUCGAC
Spirodela_polyrhiza,155922,UUCUGAUGAU
Spirodela_polyrhiza,156219,GUGGUGCUAA
Spirodela_polyrhiza,156240,CUAUCUUUGU
Spirodela_polyrhiza,156315,CUAAUGAGGC
Spirodela_polyrhiza,156359,UCUUCUAUUC
Spirodela_polyrhiza,156477,CAAUUGCGCU
Spirodela_polyrhiza,156510,GGUUCAAGCU
Spirodela_polyrhiza,156731,AAGGUGAAGC
Spirodela_polyrhiza,157307,CGAAAGUAGC
Spirodela_polyrhiza,157313,UAGCUGCUUU
Spirodela_polyrhiza,157579,CUAGGAACUU
Spirodela_polyrhiza,157670,UUUUGGCUCU
Spirodela_polyrhiza,157732,UUUUUCGGAA
Spirodela_polyrhiza,157958,UAGCAUCUAC
Spirodela_polyrhiza,161335,UAGCUCCGAA
Spirodela_polyrhiza,167072,ACAAUCAAUA
Spirodela_polyrhiza,167090,AUGUCGAAUC
Zea_mays,499,GCUAUGCAUG
Zea_mays,881,UGGGUAAAAA
Zea_mays,1958,AAUAUUUUUC
Zea_mays,3027,GAACCGUUUA
Zea_mays,3324,UAGACUCCCU
Zea_mays,3329,UGGAUUAGAC
Zea_mays,5104,AGUAAUGUCU
Zea_mays,9130,AGAAAACGAU
Zea_mays,9133,AAACGAUCUA
Zea_mays,9163,GUUACGAAGG
Zea_mays,9488,UUUGAACUUG
Zea_mays,9592,AUCUGGUUGG
Zea_mays,11234,AGGUUGGCCG
Zea_mays,18999,CAUUAAUAAU
Zea_mays,21934,AUUGGGGAGG
Zea_mays,22012,CUAUUUUAGU
Zea_mays,22027,UAUCAGCUAU
Zea_mays,22084,UUUUCUUGUC
Zea_mays,24018,CCAUAUCAAC
Zea_mays,29756,AAAAGUAUUU
Zea_mays,31991,AAGGUACUCA
Zea_mays,34703,AUUUGCUUAU
Zea_mays,37720,AAGUAGCUGG
Zea_mays,38895,UGAUUCGUCG
Zea_mays,39125,AACAUCAGGC
Zea_mays,39220,AUCUUGCUUG
Zea_mays,40017,UCCAUACCUU
Zea_mays,42191,GUAAUUGUAU
Zea_mays,45272,AUUAUUAUGA
Zea_mays,46149,UCAUUGAUAA
Zea_mays,50715,UCCUAGAAUC
Zea_mays,51737,UUAUUUCAAC
Zea_mays,51809,AAACUCAUAA
Zea_mays,52205,UUUAUGUUUC
Zea_mays,57527,CUGGAGAGAC
Zea_mays,62189,AUCAAUCACU
Zea_mays,62249,UUGAUCAAGC
Zea_mays,63601,UUCCAAUUAC
Zea_mays,65407,CUUUAACUAU
Zea_mays,65521,CACUAAUUAC
Zea_mays,66694,GACAUGACGA
Zea_mays,68320,CACAAGUAGC
Zea_mays,70628,UUAGGUACAU
Zea_mays,72657,UUUAGUCGCC
Zea_mays,72658,CUUUAGUCGC
Zea_mays,74506,UGUUAAUGCA
Zea_mays,78717,GAUAUUUCUU
Zea_mays,79938,UAUAGUCGAU
Zea_mays,84413,GAAUACUUAA
Zea_mays,89288,UAGCAUCUAC
Zea_mays,89939,CGAAAGUAGC
Zea_mays,90736,GGUUCAAGCU
Zea_mays,90862,CUUGGCUAUA
Zea_mays,90887,UCUUCUAUUC
Zea_mays,91006,CUAUCUUUGU
Zea_mays,92684,UUAUAUGUCC
Zea_mays,93551,GCAAACGCUG
Zea_mays,94994,AAUCCCACAA
Zea_mays,95543,GACCCGUAGG
Zea_mays,96079,GGUAAGGUUC
Zea_mays,96480,UCAGCCAUAC
Zea_mays,97867,CUUUUCGGGA
Zea_mays,99081,CCUAGGUAUC
Zea_mays,99205,UUUUGAACUG
Zea_mays,99734,AUAAGCAGUG
Zea_mays,99833,ACUCAUCCGC
Zea_mays,100889,UGCGACCCCC
Zea_mays,101345,ACACAAGGUU
Zea_mays,101368,CUGUCCCUUG
Zea_mays,101901,GGAGAGGAUA
Zea_mays,102006,CGGGUUCUCC
Zea_mays,104239,GCGAUUCAUA
Zea_mays,105249,CGUUAGUUCG
Zea_mays,107227,UUCCAGUUAU
Zea_mays,110763,UAAUCUAUGC
Zea_mays,112045,UUCAUUUUUA
Zea_mays,112765,CUCAAAAAAA
Zea_mays,113177,UAAUGACUAC
Zea_mays,113533,UACUAGAAAU
Zea_mays,114362,UAUUAACAAC
Zea_mays,115982,AUAAAUAUUC
Zea_mays,116405,AUUCUUUUUC
Zea_mays,117194,UCUAUUUGAA
Zea_mays,117257,GAAAAAGGGA
Zea_mays,117535,AAUCAAUAAC
Zea_mays,118498,GCGAUUCAUA
Zea_mays,120731,CGGGUUCUCC
Zea_mays,120836,GGAGAGGAUA
Zea_mays,121369,CUGUCCCUUG
Zea_mays,121392,ACACAAGGUU
Zea_mays,121848,UGCGACCCCC
Zea_mays,122904,ACUCAUCCGC
Zea_mays,123003,AUAAGCAGUG
Zea_mays,123532,UUUUGAACUG
Zea_mays,123656,CCUAGGUAUC
Zea_mays,124870,CUUUUCGGGA
Zea_mays,126257,UCAGCCAUAC
Zea_mays,126658,GGUAAGGUUC
Zea_mays,127194,GACCCGUAGG
Zea_mays,127743,AAUCCCACAA
Zea_mays,129186,GCAAACGCUG
Zea_mays,130053,UUAUAUGUCC
Zea_mays,131731,CUAUCUUUGU
Zea_mays,131850,UCUUCUAUUC
Zea_mays,131875,CUUGGCUAUA
Zea_mays,132001,GGUUCAAGCU
Zea_mays,132798,CGAAAGUAGC
Zea_mays,133449,UAGCAUCUAC
Zea_mays,138324,GAAUACUUAA
Zostera_marina,2850,UUUCUGAUAA
Zostera_marina,4192,UAUGAAUAUA
Zostera_marina,10259,GUAAACGACA
Zostera_marina,12595,UUUUAGCAAC
Zostera_marina,13889,AUGCCUCUUG
Zostera_marina,15609,AUAAAGCGGC
Zostera_marina,17413,CAUCAUCCAA
Zostera_marina,17923,AAAAGUAUUU
Zostera_marina,19338,ACUCCUACCA
Zostera_marina,20676,UCAUCGAAAA
Zostera_marina,25863,UUUUCUUGUC
Zostera_marina,25920,UGUCAGCUAU
Zostera_marina,25935,CUAUUCUAAU
Zostera_marina,26013,AUUGGGGAGG
Zostera_marina,36620,GAAAAUUGCA
Zostera_marina,36689,UGAUCCGUCG
Zostera_marina,38164,CACGUCCUAA
Zostera_marina,38478,AAGAAAUUAC
Zostera_marina,43940,UUAUUGAUAA
Zostera_marina,48683,CCAUUGCUGU
Zostera_marina,49524,UUAUUUCGAC
Zostera_marina,51402,CACCCUAUUA
Zostera_marina,52737,GAAUCUUUUU
Zostera_marina,58342,AAAUUUCUUC
Zostera_marina,58570,AAGGCUUAUU
Zostera_marina,63515,UUCUUGUGAU
Zostera_marina,64888,AACAACAACA
Zostera_marina,65395,UUCUACUGGC
Zostera_marina,73846,CUCUGGUCGC
Zostera_marina,75664,UGUUAAUGCA
Zostera_marina,75809,AUGUCUUAUU
Zostera_marina,77767,CUAUAGAUGC
Zostera_marina,77926,CUCAAGAUAU
Zostera_marina,78667,UGUUCAAGCA
Zostera_marina,78762,AAUAUGACAA
Zostera_marina,79678,AACAUUUCUU
Zostera_marina,80546,CCAGAGCUGC
Zostera_marina,85307,AUGUCGAAUC
Zostera_marina,85325,ACAAUCAAUA
Zostera_marina,89578,UAUUUGAUAU
Zostera_marina,92182,UAGCAUCUAC
Zostera_marina,92833,CGAAAGUAGC
Zostera_marina,93407,AAGGUGAAGC
Zostera_marina,93624,GGUUCAAGCU
Zostera_marina,93775,UCUUCUAUUC
Zostera_marina,93894,CUAUCUUUGU
Zostera_marina,96442,UGGAUAAGCU
Zostera_marina,97638,AUCGCCUUGG
Zostera_marina,97944,CUGUAGGUGG
Zostera_marina,98824,UCCAGUCACU
Zostera_marina,101901,CACUGCUUGG
Zostera_marina,102036,AUAAGCAGUG
Zostera_marina,102037,CAUAAGCAGU
Zostera_marina,102135,ACUCAUCCGC
Zostera_marina,102416,AAGGCCCCUA
Zostera_marina,104035,CGUACUAGGG
Zostera_marina,104475,GAGGUGGGGC
Zostera_marina,107224,AUUUUGAUAA
Zostera_marina,109042,GUUUUGUUGC
Zostera_marina,109357,UAAUUUAUGC
Zostera_marina,109561,CUUUUGCUGU
Zostera_marina,109852,GUGGCCAAAU
Zostera_marina,110165,UUCUUUUAUU
Zostera_marina,113267,UAUUGACAAC
Zostera_marina,115682,UAAAAAACCC
Zostera_marina,116280,CGCAUUUGUU
Zostera_marina,119901,AUUUUGAUAA
Zostera_marina,123090,CGUACUAGGG
Zostera_marina,124257,AUCGGUUCAA
Zostera_marina,124709,AAGGCCCCUA
Zostera_marina,124990,ACUCAUCCGC
Zostera_marina,125088,CAUAAGCAGU
Zostera_marina,125089,AUAAGCAGUG
Zostera_marina,125224,CACUGCUUGG
Zostera_marina,129181,CUGUAGGUGG
Zostera_marina,129487,AUCGCCUUGG
Zostera_marina,130683,UGGAUAAGCU
Zostera_marina,133231,CUAUCUUUGU
Zostera_marina,133350,UCUUCUAUUC
Zostera_marina,133501,GGUUCAAGCU
Zostera_marina,133718,AAGGUGAAGC
Zostera_marina,134292,CGAAAGUAGC
Zostera_marina,134943,UAGCAUCUAC
Zostera_marina,137547,UAUUUGAUAU
Zostera_marina,141800,ACAAUCAAUA
Zostera_marina,141818,AUGUCGAAUC
